{"stats":{"minecraft:custom":{"minecraft:jump":61,"minecraft:time_since_rest":3608,"minecraft:leave_game":1,"minecraft:crouch_one_cm":171,"minecraft:damage_taken":60,"minecraft:sprint_one_cm":8795,"minecraft:play_time":3608,"minecraft:walk_on_water_one_cm":614,"minecraft:time_since_death":3608,"minecraft:walk_one_cm":3594,"minecraft:sneak_time":27,"minecraft:climb_one_cm":1161,"minecraft:total_world_time":3608,"minecraft:fall_one_cm":418,"minecraft:fly_one_cm":15379},"minecraft:mined":{"minecraft:oak_leaves":1}},"DataVersion":3465}