{"stats":{"minecraft:custom":{"minecraft:jump":18,"minecraft:time_since_rest":1505,"minecraft:crouch_one_cm":4,"minecraft:leave_game":2,"minecraft:play_time":1505,"minecraft:sprint_one_cm":926,"minecraft:time_since_death":1505,"minecraft:walk_one_cm":2377,"minecraft:total_world_time":1505,"minecraft:sneak_time":20,"minecraft:climb_one_cm":762,"minecraft:fall_one_cm":1012,"minecraft:fly_one_cm":1845},"minecraft:mined":{"minecraft:grass_block":1,"minecraft:vine":2,"minecraft:oak_leaves":7},"minecraft:picked_up":{"minecraft:dirt":1}},"DataVersion":3465}