{"stats":{"minecraft:custom":{"minecraft:jump":22,"minecraft:time_since_rest":3307,"minecraft:leave_game":3,"minecraft:crouch_one_cm":547,"minecraft:play_time":3307,"minecraft:sprint_one_cm":1570,"minecraft:time_since_death":3307,"minecraft:walk_one_cm":3914,"minecraft:total_world_time":3307,"minecraft:sneak_time":318,"minecraft:climb_one_cm":762,"minecraft:fall_one_cm":1012,"minecraft:fly_one_cm":2089},"minecraft:crafted":{"minecraft:birch_planks":28,"minecraft:crafting_table":1,"minecraft:stick":8},"minecraft:mined":{"minecraft:birch_log":7,"minecraft:grass_block":2,"minecraft:birch_leaves":1,"minecraft:vine":2,"minecraft:oak_leaves":7},"minecraft:picked_up":{"minecraft:dirt":2,"minecraft:birch_log":7}},"DataVersion":3465}